sexe,age,generation,qx,periode,statut
F,0,,0.00325,2022,insee_officiel
F,1,,0.00057,2022,insee_officiel
F,2,,0.00022,2022,insee_officiel
F,3,,0.00015,2022,insee_officiel
F,4,,0.00011,2022,insee_officiel
F,5,,9e-05,2022,insee_officiel
F,6,,0.0001,2022,insee_officiel
F,7,,9e-05,2022,insee_officiel
F,8,,9e-05,2022,insee_officiel
F,9,,7e-05,2022,insee_officiel
F,10,,7e-05,2022,insee_officiel
F,11,,7e-05,2022,insee_officiel
F,12,,7e-05,2022,insee_officiel
F,13,,0.0001,2022,insee_officiel
F,14,,0.00013,2022,insee_officiel
F,15,,0.00011,2022,insee_officiel
F,16,,0.0001,2022,insee_officiel
F,17,,0.00018,2022,insee_officiel
F,18,,0.00016,2022,insee_officiel
F,19,,0.0002,2022,insee_officiel
F,20,,0.00024,2022,insee_officiel
F,21,,0.00022,2022,insee_officiel
F,22,,0.00025,2022,insee_officiel
F,23,,0.00022,2022,insee_officiel
F,24,,0.00024,2022,insee_officiel
F,25,,0.00028,2022,insee_officiel
F,26,,0.00026,2022,insee_officiel
F,27,,0.00025,2022,insee_officiel
F,28,,0.00028,2022,insee_officiel
F,29,,0.00029,2022,insee_officiel
F,30,,0.0003,2022,insee_officiel
F,31,,0.0003,2022,insee_officiel
F,32,,0.00041,2022,insee_officiel
F,33,,0.00037,2022,insee_officiel
F,34,,0.00046,2022,insee_officiel
F,35,,0.00044,2022,insee_officiel
F,36,,0.00042,2022,insee_officiel
F,37,,0.00051,2022,insee_officiel
F,38,,0.0006,2022,insee_officiel
F,39,,0.0007,2022,insee_officiel
F,40,,0.00073,2022,insee_officiel
F,41,,0.00071,2022,insee_officiel
F,42,,0.00087,2022,insee_officiel
F,43,,0.0009,2022,insee_officiel
F,44,,0.00096,2022,insee_officiel
F,45,,0.00111,2022,insee_officiel
F,46,,0.0012,2022,insee_officiel
F,47,,0.00136,2022,insee_officiel
F,48,,0.0015,2022,insee_officiel
F,49,,0.00158,2022,insee_officiel
F,50,,0.00173,2022,insee_officiel
F,51,,0.00198,2022,insee_officiel
F,52,,0.00216,2022,insee_officiel
F,53,,0.00242,2022,insee_officiel
F,54,,0.00259,2022,insee_officiel
F,55,,0.00291,2022,insee_officiel
F,56,,0.0029,2022,insee_officiel
F,57,,0.00335,2022,insee_officiel
F,58,,0.00358,2022,insee_officiel
F,59,,0.00374,2022,insee_officiel
F,60,,0.00431,2022,insee_officiel
F,61,,0.00452,2022,insee_officiel
F,62,,0.00496,2022,insee_officiel
F,63,,0.00532,2022,insee_officiel
F,64,,0.0059,2022,insee_officiel
F,65,,0.00634,2022,insee_officiel
F,66,,0.00681,2022,insee_officiel
F,67,,0.00754,2022,insee_officiel
F,68,,0.00791,2022,insee_officiel
F,69,,0.00857,2022,insee_officiel
F,70,,0.00921,2022,insee_officiel
F,71,,0.01013,2022,insee_officiel
F,72,,0.01111,2022,insee_officiel
F,73,,0.01181,2022,insee_officiel
F,74,,0.01332,2022,insee_officiel
F,75,,0.01428,2022,insee_officiel
F,76,,0.01595,2022,insee_officiel
F,77,,0.01849,2022,insee_officiel
F,78,,0.01995,2022,insee_officiel
F,79,,0.02214,2022,insee_officiel
F,80,,0.0252,2022,insee_officiel
F,81,,0.02893,2022,insee_officiel
F,82,,0.03353,2022,insee_officiel
F,83,,0.03846,2022,insee_officiel
F,84,,0.04416,2022,insee_officiel
F,85,,0.05006,2022,insee_officiel
F,86,,0.05743,2022,insee_officiel
F,87,,0.06707,2022,insee_officiel
F,88,,0.07843,2022,insee_officiel
F,89,,0.08943,2022,insee_officiel
F,90,,0.10417,2022,insee_officiel
F,91,,0.1193,2022,insee_officiel
F,92,,0.13943,2022,insee_officiel
F,93,,0.15759,2022,insee_officiel
F,94,,0.17859,2022,insee_officiel
F,95,,0.20079,2022,insee_officiel
F,96,,0.22552,2022,insee_officiel
F,97,,0.25327,2022,insee_officiel
F,98,,0.27975,2022,insee_officiel
F,99,,0.30063,2022,insee_officiel
F,100,,0.33372,2022,insee_officiel
F,101,,0.3668584678292321,2022,kannisto_hypothese
F,102,,0.4013056044559142,2022,kannisto_hypothese
F,103,,0.4367560077355401,2022,kannisto_hypothese
F,104,,0.4728645921957321,2022,kannisto_hypothese
F,105,,0.5092593018408693,2022,kannisto_hypothese
F,106,,0.5455561247017194,2022,kannisto_hypothese
F,107,,0.5813751548593972,2022,kannisto_hypothese
F,108,,0.616356292885023,2022,kannisto_hypothese
F,109,,0.6501732294095383,2022,kannisto_hypothese
F,110,,0.6825446068948336,2022,kannisto_hypothese
F,111,,0.7132416471388777,2022,kannisto_hypothese
F,112,,0.7420919859984123,2022,kannisto_hypothese
F,113,,0.7689798881135097,2022,kannisto_hypothese
F,114,,0.7938433560755337,2022,kannisto_hypothese
F,115,,0.8166688630864748,2022,kannisto_hypothese
F,116,,0.8374845199317618,2022,kannisto_hypothese
F,117,,0.8563524553983993,2022,kannisto_hypothese
F,118,,0.8733610778079203,2022,kannisto_hypothese
F,119,,0.8886177312127694,2022,kannisto_hypothese
F,120,,1.0,2022,fermeture_hypothese
M,0,,0.00395,2022,insee_officiel
M,1,,0.00067,2022,insee_officiel
M,2,,0.00027,2022,insee_officiel
M,3,,0.00019,2022,insee_officiel
M,4,,0.00011,2022,insee_officiel
M,5,,0.00011,2022,insee_officiel
M,6,,0.00011,2022,insee_officiel
M,7,,9e-05,2022,insee_officiel
M,8,,6e-05,2022,insee_officiel
M,9,,0.0001,2022,insee_officiel
M,10,,9e-05,2022,insee_officiel
M,11,,0.00012,2022,insee_officiel
M,12,,9e-05,2022,insee_officiel
M,13,,0.0001,2022,insee_officiel
M,14,,0.00012,2022,insee_officiel
M,15,,0.00017,2022,insee_officiel
M,16,,0.00021,2022,insee_officiel
M,17,,0.00025,2022,insee_officiel
M,18,,0.00029,2022,insee_officiel
M,19,,0.00049,2022,insee_officiel
M,20,,0.00056,2022,insee_officiel
M,21,,0.00058,2022,insee_officiel
M,22,,0.00063,2022,insee_officiel
M,23,,0.00063,2022,insee_officiel
M,24,,0.00067,2022,insee_officiel
M,25,,0.00064,2022,insee_officiel
M,26,,0.00067,2022,insee_officiel
M,27,,0.00067,2022,insee_officiel
M,28,,0.00077,2022,insee_officiel
M,29,,0.00072,2022,insee_officiel
M,30,,0.00076,2022,insee_officiel
M,31,,0.00078,2022,insee_officiel
M,32,,0.00085,2022,insee_officiel
M,33,,0.0009,2022,insee_officiel
M,34,,0.00099,2022,insee_officiel
M,35,,0.00104,2022,insee_officiel
M,36,,0.00105,2022,insee_officiel
M,37,,0.00119,2022,insee_officiel
M,38,,0.00136,2022,insee_officiel
M,39,,0.00147,2022,insee_officiel
M,40,,0.00157,2022,insee_officiel
M,41,,0.00164,2022,insee_officiel
M,42,,0.00176,2022,insee_officiel
M,43,,0.00199,2022,insee_officiel
M,44,,0.00187,2022,insee_officiel
M,45,,0.00223,2022,insee_officiel
M,46,,0.00244,2022,insee_officiel
M,47,,0.00265,2022,insee_officiel
M,48,,0.00273,2022,insee_officiel
M,49,,0.00311,2022,insee_officiel
M,50,,0.0034,2022,insee_officiel
M,51,,0.00385,2022,insee_officiel
M,52,,0.00427,2022,insee_officiel
M,53,,0.00466,2022,insee_officiel
M,54,,0.00511,2022,insee_officiel
M,55,,0.00533,2022,insee_officiel
M,56,,0.00611,2022,insee_officiel
M,57,,0.00654,2022,insee_officiel
M,58,,0.00718,2022,insee_officiel
M,59,,0.0077,2022,insee_officiel
M,60,,0.00834,2022,insee_officiel
M,61,,0.00944,2022,insee_officiel
M,62,,0.01014,2022,insee_officiel
M,63,,0.01116,2022,insee_officiel
M,64,,0.01226,2022,insee_officiel
M,65,,0.01338,2022,insee_officiel
M,66,,0.01444,2022,insee_officiel
M,67,,0.01532,2022,insee_officiel
M,68,,0.01655,2022,insee_officiel
M,69,,0.01724,2022,insee_officiel
M,70,,0.01902,2022,insee_officiel
M,71,,0.02027,2022,insee_officiel
M,72,,0.02156,2022,insee_officiel
M,73,,0.02358,2022,insee_officiel
M,74,,0.02537,2022,insee_officiel
M,75,,0.02687,2022,insee_officiel
M,76,,0.02973,2022,insee_officiel
M,77,,0.03301,2022,insee_officiel
M,78,,0.03612,2022,insee_officiel
M,79,,0.0397,2022,insee_officiel
M,80,,0.04358,2022,insee_officiel
M,81,,0.0491,2022,insee_officiel
M,82,,0.05353,2022,insee_officiel
M,83,,0.06078,2022,insee_officiel
M,84,,0.06845,2022,insee_officiel
M,85,,0.07823,2022,insee_officiel
M,86,,0.08814,2022,insee_officiel
M,87,,0.10257,2022,insee_officiel
M,88,,0.11565,2022,insee_officiel
M,89,,0.13322,2022,insee_officiel
M,90,,0.14714,2022,insee_officiel
M,91,,0.1676,2022,insee_officiel
M,92,,0.19233,2022,insee_officiel
M,93,,0.21661,2022,insee_officiel
M,94,,0.23438,2022,insee_officiel
M,95,,0.27078,2022,insee_officiel
M,96,,0.28614,2022,insee_officiel
M,97,,0.31944,2022,insee_officiel
M,98,,0.35314,2022,insee_officiel
M,99,,0.36176,2022,insee_officiel
M,100,,0.39721,2022,insee_officiel
M,101,,0.4295091570318686,2022,kannisto_hypothese
M,102,,0.46241991862405935,2022,kannisto_hypothese
M,103,,0.4956614508739626,2022,kannisto_hypothese
M,104,,0.5289413830751616,2022,kannisto_hypothese
M,105,,0.5619659940501388,2022,kannisto_hypothese
M,106,,0.5944504983955792,2022,kannisto_hypothese
M,107,,0.6261286759039122,2022,kannisto_hypothese
M,108,,0.6567611690466911,2022,kannisto_hypothese
M,109,,0.6861419339479902,2022,kannisto_hypothese
M,110,,0.7141025408865372,2022,kannisto_hypothese
M,111,,0.7405142457114766,2022,kannisto_hypothese
M,112,,0.7652879598798534,2022,kannisto_hypothese
M,113,,0.788372408536697,2022,kannisto_hypothese
M,114,,0.8097508693388711,2022,kannisto_hypothese
M,115,,0.8294369277546922,2022,kannisto_hypothese
M,116,,0.8474696751298219,2022,kannisto_hypothese
M,117,,0.8639087274735394,2022,kannisto_hypothese
M,118,,0.8788293711699731,2022,kannisto_hypothese
M,119,,0.8923180609538065,2022,kannisto_hypothese
M,120,,1.0,2022,fermeture_hypothese
